{
  "sigma": 0.05,
  "rho": [
    0.1,
    0.15,
    0.2,
    0.28,
    0.39,
    0.55,
    0.75,
    0.95
  ],
  "floor_over_sig2": [
    67.00656558660882,
    25.900651582542856,
    14.121822814844023,
    7.183742825015536,
    3.8122730911576164,
    2.075764288598788,
    1.3024343890913417,
    1.0224490677686293
  ]
}