{
 "sigma2": 0.0025000000000000005,
 "arms": {
  "A": {
   "name": "Cambridge annealed (no matcher)",
   "mean": [
    0.071319,
    0.108271,
    0.116573,
    0.109699,
    0.095909,
    0.085088,
    0.072685,
    0.062307,
    0.052777,
    0.048352,
    0.042061,
    0.037342,
    0.03479,
    0.033195,
    0.035399,
    0.031036,
    0.031148,
    0.028233,
    0.028118,
    0.024599
   ],
   "std": [
    0.001889,
    0.003333,
    0.00628,
    0.006724,
    0.005091,
    0.004028,
    0.012882,
    0.007021,
    0.003986,
    0.001868,
    0.001684,
    0.002236,
    0.004832,
    0.00297,
    0.003341,
    0.003928,
    0.003089,
    0.002487,
    0.00237,
    0.004128
   ],
   "nseed": 5
  },
  "B": {
   "name": "std + match (ours)",
   "mean": [
    0.002516,
    0.002516,
    0.002516,
    0.002516,
    0.002516,
    0.002516,
    0.002516,
    0.002516,
    0.002516,
    0.002516,
    0.002516,
    0.002516,
    0.002516,
    0.002516,
    0.002516,
    0.002516,
    0.002516,
    0.002516,
    0.002516,
    0.002516
   ],
   "std": [
    4.5e-05,
    4.5e-05,
    4.5e-05,
    4.5e-05,
    4.5e-05,
    4.5e-05,
    4.5e-05,
    4.5e-05,
    4.5e-05,
    4.5e-05,
    4.5e-05,
    4.5e-05,
    4.5e-05,
    4.5e-05,
    4.5e-05,
    4.5e-05,
    4.5e-05,
    4.5e-05,
    4.5e-05,
    4.5e-05
   ],
   "nseed": 5
  },
  "C": {
   "name": "jump + match (ours)",
   "mean": [
    0.002516,
    0.002516,
    0.002516,
    0.002516,
    0.002516,
    0.002516,
    0.002516,
    0.002516,
    0.002516,
    0.002516,
    0.002516,
    0.002516,
    0.002516,
    0.002516,
    0.002516,
    0.002516,
    0.002516,
    0.002516,
    0.002516,
    0.002516
   ],
   "std": [
    4.5e-05,
    4.5e-05,
    4.5e-05,
    4.5e-05,
    4.5e-05,
    4.5e-05,
    4.5e-05,
    4.5e-05,
    4.5e-05,
    4.5e-05,
    4.5e-05,
    4.5e-05,
    4.5e-05,
    4.5e-05,
    4.5e-05,
    4.5e-05,
    4.5e-05,
    4.5e-05,
    4.5e-05,
    4.5e-05
   ],
   "nseed": 5
  }
 },
 "theory_Adet_fixedpoint": 0.011071
}